wisata,latitude,longitude
The Grand Palace,13.75,100.4913
Wat Arun,13.7436,100.488
SEA LIFE,13.7461,100.5347
Chao Phraya River,13.726,100.51
Muangboran (Ancient City),13.555,100.6296
Safari World Bangkok,13.8732,100.7078
King Power Mahanakhon Tower,13.7234,100.529
Wonderful Pearl Cruise,13.7202,100.5136
The Temple of the Emerald Buddha,13.7515,100.4929
Chinatown,13.7354,100.5108
Erawan Shrine,13.7447,100.5394
Calypso Cabaret,13.704,100.5107
Jalan Khao San,13.7597,100.4972
Asiatique Sky,13.7047,100.5079
Night markets,13.7472,100.5372
Siam Amazing Park,13.8213,100.6874
Museum Nasional Bangkok,13.7602,100.491
